CO(GT),NO2(GT),C6H6(GT),NOx(GT),Skor_Kualitas_Udara,Label_Kualitas_Udara
0.3,46.3,0.9527628938569628,60.0,85.65432098765433,Baik
0.7,48.0,1.6037678797288073,34.0,85.65432098765433,Baik
0.7,28.0,1.1334305711878574,16.0,85.65432098765433,Baik
-200.0,34.0,1.2936197573720989,21.0,85.65432098765433,Baik
-200.0,42.5,0.801504323462925,52.3,85.65432098765433,Baik
